{"cameraMode":{"drawMode":0,"name":"Shaded","section":"Shading Mode"},"sceneLighting":false,"audioPlay":false,"sceneViewState":{"m_AlwaysRefresh":false,"showFog":true,"showSkybox":false,"showFlares":true,"showImageEffects":true,"showParticleSystems":true,"showVisualEffectGraphs":true,"m_FxEnabled":true},"in2DMode":false,"pivot":{"x":0.033430490642786029,"y":0.06242963299155235,"z":0.058289457112550738},"rotation":{"x":-0.1701534390449524,"y":-0.825476348400116,"z":0.330962598323822,"w":-0.42440885305404665},"size":1.5254619121551514,"orthographic":false}