{"cameraMode":{"drawMode":0,"name":"Shaded","section":"Shading Mode"},"sceneLighting":false,"audioPlay":false,"sceneViewState":{"m_AlwaysRefresh":false,"showFog":true,"showSkybox":false,"showFlares":true,"showImageEffects":true,"showParticleSystems":true,"showVisualEffectGraphs":true,"m_FxEnabled":true},"in2DMode":false,"pivot":{"x":-0.05821758136153221,"y":-0.015152612701058388,"z":-0.2342655211687088},"rotation":{"x":0.3152552843093872,"y":0.4563864469528198,"z":-0.17695869505405427,"w":0.8130418062210083},"size":1.0693435668945313,"orthographic":false}