{"cameraMode":{"drawMode":0,"name":"Shaded","section":"Shading Mode"},"sceneLighting":true,"audioPlay":false,"sceneViewState":{"m_AlwaysRefresh":false,"showFog":true,"showSkybox":true,"showFlares":true,"showImageEffects":true,"showParticleSystems":true,"showVisualEffectGraphs":true,"m_FxEnabled":true},"in2DMode":false,"pivot":{"x":-0.2907778024673462,"y":0.050000086426734927,"z":-0.1060687005519867},"rotation":{"x":0.12093979120254517,"y":0.8045433759689331,"z":-0.5543331503868103,"w":0.17552267014980317},"size":3.335623264312744,"orthographic":false}